{"cameraMode":{"drawMode":0,"name":"Shaded","section":"Shading Mode"},"sceneLighting":true,"audioPlay":false,"sceneViewState":{"m_AlwaysRefresh":false,"showFog":true,"showSkybox":true,"showFlares":true,"showImageEffects":true,"showParticleSystems":true,"showVisualEffectGraphs":true,"m_FxEnabled":true},"in2DMode":false,"pivot":{"x":0.23914682865142823,"y":0.28589722514152529,"z":1.0299711227416993},"rotation":{"x":0.1483147293329239,"y":-0.6670750379562378,"z":0.13800324499607087,"w":0.716920018196106},"size":1.4024453163146973,"orthographic":true}